<?xml version="1.0" encoding="UTF-8" ?>
<!DOCTYPE mapper
  PUBLIC "-//mybatis.org//DTD Mapper 3.0//EN"
  "http://mybatis.org/dtd/mybatis-3-mapper.dtd">
<mapper namespace="boardMapper">
	<!-- 게시판 글 작성 -->
	<insert id="insert" parameterType="org.zerock.vo.BoardVO" useGeneratedKeys="true" keyProperty="bno">
      <selectKey keyProperty="bno" resultType="int" order="BEFORE">
         SELECT MP_BOARD_SEQ.NEXTVAL FROM DUAL
      </selectKey>
		INSERT INTO MP_BOARD( BNO
		, TITLE
		, CONTENT
		, WRITER )
		VALUES( #{bno}
		, #{title}
		, #{content}
		, #{writer} )

	</insert>

	<select id="listPage" resultType="org.zerock.vo.BoardVO"
		parameterType="org.zerock.vo.Criteria">
		SELECT  BNO, 
		        TITLE, 
		        CONTENT,
		        WRITER, 
		        REGDATE,
		        HIT
		 FROM ( 
		        SELECT BNO, 
		               TITLE, 
		               CONTENT, 
		               WRITER, 
		               REGDATE,
		               HIT, 
		               ROW_NUMBER() OVER(ORDER BY BNO DESC) AS RNUM
		         FROM MP_BOARD
		         WHERE 1=1 
		         	<include refid="search"></include>
		                       ) MP
		WHERE RNUM BETWEEN #{rowStart} AND #{rowEnd}
		ORDER BY BNO DESC
	</select>

	<select id="read" parameterType="int"
		resultType="org.zerock.vo.BoardVO">

		SELECT BNO
		, TITLE
		, CONTENT
		, WRITER
		, REGDATE
		FROM MP_BOARD
		WHERE BNO = #{bno}
	</select>

	<select id="listCount" parameterType="org.zerock.vo.SearchCriteria" resultType="int">
		SELECT COUNT(BNO)
		   FROM MP_BOARD
		   WHERE 1=1
		<include refid="search"></include>	
		   AND BNO > 0
	</select>
	
	<sql id="search">
		<if test="searchType != null">
			<if test="searchType == 't'.toString()">AND TITLE LIKE '%' || #{keyword} || '%'</if>
			<if test="searchType == 'c'.toString()">AND CONTENT LIKE '%' || #{keyword} || '%'</if>
			<if test="searchType == 'w'.toString()">AND WRITER LIKE '%' || #{keyword} || '%'</if>
			<if test="searchType == 'tc'.toString()">AND (TITLE LIKE '%' || #{keyword} || '%') or (CONTENT LIKE '%' || #{keyword} || '%')</if>
		</if>
	</sql>

	<update id="update" parameterType="org.zerock.vo.BoardVO">
		UPDATE MP_BOARD
		SET TITLE =
		#{title},
		CONTENT = #{content}
		WHERE BNO = #{bno}
	</update>

	<delete id="delete" parameterType="int">
		DELETE
		FROM MP_BOARD
		WHERE BNO =
		#{bno}
	</delete>
<insert id="insertFile" parameterType="hashMap">
      INSERT INTO MP_FILE(
         FILE_NO,
         BNO,
         ORG_FILE_NAME,
         STORED_FILE_NAME,
         FILE_SIZE
      )VALUES(
         SEQ_MP_FILE_NO.NEXTVAL,
         #{BNO},
         #{ORG_FILE_NAME},
         #{STORED_FILE_NAME},
         #{FILE_SIZE}
      )
    </insert>
    <!-- 첨부파일 조회 -->
<select id="selectFileList" parameterType="int" resultType="hashMap">
   SELECT FILE_NO,
         ORG_FILE_NAME,
         ROUND(FILE_SIZE/1024,1) AS FILE_SIZE
     FROM MP_FILE
    WHERE BNO = #{BNO}
      AND DEL_GB = 'N'
      ORDER BY FILE_NO ASC
</select>

<!-- 첨부파일 다운 -->
<select id="selectFileInfo" parameterType="hashMap" resultType="hashMap">
   SELECT 
      STORED_FILE_NAME,
      ORG_FILE_NAME
   FROM MP_FILE
   WHERE FILE_NO = #{FILE_NO}
</select>
<!-- 첨부파일 수정 -->
<update id="updateFile" parameterType="hashMap">
       UPDATE MP_FILE SET
       DEL_GB = 'Y'
       WHERE FILE_NO = #{FILE_NO}
    </update>
 <!-- 게시판 조회수 -->
    <update id="boardHit" parameterType="int">
    	UPDATE MP_BOARD SET
    	HIT = HIT+1
    	WHERE BNO = #{bno}
    </update>
</mapper>